idConfiguration,ACK,BIB,BOLD_ACK,BREF,EMAIL,JS_FOOTNOTESIZE,JS_SCRIPTSIZE,JS_STYLE,JS_TINY,LONG_ACK,LONG_AFFILIATION,PARAGRAPH_ACK,PL_FOOTNOTE,VARY_LATEX,bref_size,cserver_size,vspace_bib,nbPages,sizePDF
10,"true","true","true","true","true","false","true","true","false","false","true","false","true","true",1.0,0.8,1.7,5,220
100,"true","true","false","true","false","false","false","true","true","true","false","true","false","true",0.7,0.9,2.3,4,224
101,"false","true","false","true","false","false","true","true","false","false","true","false","false","true",0.7,0.7,0.4,4,216
102,"true","true","false","true","true","false","true","true","false","true","true","true","false","true",0.8,0.9,4.6,5,224
103,"true","true","true","true","false","false","true","true","false","false","false","false","false","true",0.9,0.9,0.4,5,216
104,"false","true","false","true","true","false","false","true","true","false","true","false","true","true",0.9,0.9,2.0,4,216
105,"true","true","false","true","false","false","false","true","true","false","false","true","false","true",0.8,0.7,2.4,4,224
106,"true","true","true","true","false","false","false","true","true","true","true","false","false","true",0.9,0.8,1.3,4,216
107,"true","true","false","true","false","false","true","true","false","false","true","true","true","true",1.0,0.8,1.4,5,224
108,"true","true","true","true","false","false","false","true","true","true","true","false","true","true",0.8,0.7,0.9,4,216
109,"true","true","false","true","false","false","true","true","false","true","false","true","true","true",0.7,0.8,1.2,5,224
11,"true","true","true","true","true","false","false","true","true","false","true","false","false","true",0.8,0.9,0.9,4,220
110,"true","true","true","true","false","false","false","true","true","true","false","false","true","true",0.7,0.8,3.3,4,216
111,"true","true","false","true","false","false","false","true","true","true","false","true","true","true",0.7,0.9,2.6,5,224
112,"true","true","false","true","false","false","true","true","false","true","false","true","true","true",0.8,0.8,3.6,5,224
113,"true","true","false","true","false","false","false","true","true","true","false","true","true","true",0.9,0.7,0.7,4,224
114,"false","true","false","true","true","false","false","true","true","false","true","false","true","true",1.0,0.7,3.2,4,216
115,"true","true","false","true","false","false","true","true","false","true","true","true","false","true",1.0,0.7,0.1,5,228
116,"true","true","true","true","false","false","false","true","true","true","false","false","false","true",0.8,0.9,3.5,4,216
117,"true","true","false","true","false","false","false","true","true","true","true","true","true","true",0.8,0.9,5.0,5,224
118,"true","true","false","true","false","false","true","true","false","false","false","true","true","true",0.9,0.9,4.9,5,224
119,"true","true","true","true","false","false","false","true","true","true","false","false","true","true",0.8,0.7,0.4,4,216
12,"true","true","true","true","false","false","true","true","false","false","false","false","true","true",0.8,0.8,4.0,5,216
120,"false","true","false","true","false","false","true","true","false","false","false","false","true","true",0.7,0.9,4.9,5,216
121,"true","true","false","true","false","false","false","true","true","true","true","true","false","true",0.9,0.9,0.0,5,224
122,"true","true","true","true","false","false","true","true","false","true","false","false","false","true",0.8,0.8,1.1,5,216
123,"true","true","true","true","false","false","false","true","true","true","true","false","true","true",0.9,0.7,4.5,4,216
124,"true","true","false","true","true","false","true","true","false","false","true","true","true","true",0.8,0.9,3.9,5,224
125,"true","true","true","true","false","false","false","true","true","true","true","false","true","true",0.7,0.7,4.7,4,216
126,"true","true","false","true","true","false","false","true","true","true","true","true","false","true",1.0,0.8,4.2,4,224
127,"true","true","true","true","true","false","false","true","true","true","true","false","true","true",1.0,0.8,2.4,5,220
128,"false","true","false","true","false","false","true","true","false","false","false","false","false","true",0.8,0.8,4.5,5,216
129,"true","true","true","true","false","false","false","true","true","true","true","false","false","true",0.8,0.7,3.2,4,216
13,"true","true","false","true","false","false","false","true","true","true","false","true","false","true",1.0,0.7,4.3,4,224
130,"true","true","false","true","false","false","true","true","false","false","true","true","false","true",0.8,0.7,2.4,5,224
131,"true","true","false","true","true","false","false","true","true","true","true","true","true","true",1.0,0.8,2.0,5,224
132,"true","true","true","true","false","false","true","true","false","true","false","false","false","true",0.7,0.9,0.4,5,216
133,"true","true","true","true","false","false","false","true","true","true","false","false","true","true",0.7,0.9,0.4,4,216
134,"true","true","true","true","false","false","false","true","true","false","false","false","true","true",0.9,0.9,1.7,4,216
135,"true","true","false","true","true","false","true","true","false","true","true","true","true","true",0.8,0.8,0.8,5,228
136,"true","true","true","true","false","false","true","true","false","false","false","false","false","true",0.7,0.7,0.2,4,216
137,"true","true","true","true","true","false","true","true","false","false","true","false","true","true",1.0,0.9,1.9,5,220
138,"false","true","false","true","true","false","false","true","true","false","true","false","true","true",1.0,0.7,0.9,4,220
139,"true","true","false","true","false","false","false","true","true","true","false","true","true","true",0.7,0.9,0.1,5,224
14,"true","true","false","true","false","false","false","true","true","false","false","true","false","true",0.9,0.7,4.4,4,224
140,"true","true","false","true","false","false","true","true","false","false","true","true","true","true",0.8,0.7,2.6,5,224
141,"true","true","true","true","false","false","true","true","false","true","false","false","false","true",0.8,0.8,4.5,5,216
142,"true","true","true","true","true","false","false","true","true","true","true","false","true","true",0.9,0.7,0.7,4,220
143,"true","true","false","true","false","false","true","true","false","false","true","true","true","true",0.7,0.9,1.8,5,224
144,"false","true","false","true","true","false","true","true","false","false","true","false","true","true",0.8,0.8,4.7,5,220
145,"true","true","false","true","true","false","false","true","true","false","true","true","false","true",1.0,0.7,2.0,4,224
146,"true","true","false","true","true","false","true","true","false","false","true","true","true","true",0.8,0.9,3.2,5,224
147,"true","true","false","true","false","false","true","true","false","true","false","true","true","true",1.0,0.7,2.4,5,224
148,"true","true","true","true","true","false","true","true","false","true","true","false","true","true",0.9,0.9,3.4,5,220
149,"true","true","true","true","false","false","false","true","true","false","true","false","true","true",1.0,0.7,0.1,4,216
15,"false","true","false","true","true","false","false","true","true","false","true","false","false","true",1.0,0.7,2.6,4,220
150,"true","true","true","true","false","false","true","true","false","true","true","false","false","true",0.8,0.7,3.6,4,216
151,"false","true","false","true","false","false","false","true","true","false","true","false","false","true",0.8,0.9,2.2,4,216
152,"false","true","false","true","false","false","false","true","true","false","false","false","true","true",0.9,0.8,4.7,4,216
153,"true","true","false","true","false","false","false","true","true","true","false","true","true","true",0.8,0.9,2.6,5,224
154,"true","true","false","true","false","false","true","true","false","true","false","true","true","true",0.8,0.8,1.0,5,224
155,"true","true","false","true","true","false","false","true","true","true","true","true","false","true",1.0,0.7,4.4,4,224
156,"true","true","true","true","true","false","true","true","false","true","true","false","false","true",0.7,0.8,4.9,5,220
157,"true","true","true","true","false","false","true","true","false","true","false","false","false","true",0.8,0.9,0.9,5,216
158,"true","true","false","true","false","false","true","true","false","true","false","true","true","true",0.9,0.9,3.8,5,224
159,"true","true","false","true","false","false","true","true","false","true","false","true","false","true",0.9,0.9,4.6,5,224
16,"true","true","true","true","false","false","false","true","true","true","false","false","true","true",1.0,0.7,2.5,4,216
160,"true","true","true","true","true","false","false","true","true","false","true","false","false","true",0.9,0.9,1.6,4,216
161,"true","true","false","true","false","false","false","true","true","true","false","true","false","true",1.0,0.8,3.1,4,224
162,"true","true","true","true","false","false","false","true","true","false","false","false","false","true",0.9,0.8,0.7,4,216
163,"true","true","false","true","false","false","false","true","true","false","false","true","true","true",0.7,0.7,2.8,4,224
164,"true","true","false","true","false","false","true","true","false","true","true","true","false","true",0.9,0.8,3.4,5,224
165,"true","true","false","true","false","false","true","true","false","true","true","true","true","true",0.9,0.7,2.2,5,224
166,"false","true","false","true","false","false","true","true","false","false","true","false","true","true",0.9,0.8,4.6,5,216
167,"true","true","false","true","false","false","true","true","false","false","false","true","false","true",1.0,0.7,2.2,5,224
168,"true","true","true","true","false","false","false","true","true","true","false","false","false","true",0.8,0.9,2.1,4,216
169,"true","true","true","true","false","false","false","true","true","false","false","false","false","true",0.9,0.7,3.6,4,216
17,"true","true","false","true","true","false","true","true","false","true","true","true","true","true",0.7,0.9,3.7,5,228
170,"true","true","true","true","true","false","false","true","true","true","true","false","true","true",1.0,0.8,4.8,4,220
171,"true","true","false","true","false","false","false","true","true","false","false","true","true","true",0.7,0.9,2.5,4,224
172,"true","true","true","true","false","false","false","true","true","true","false","false","true","true",0.7,0.9,3.2,4,216
173,"true","true","false","true","false","false","false","true","true","true","true","true","true","true",1.0,0.7,1.0,4,224
174,"true","true","true","true","false","false","false","true","true","false","false","false","true","true",0.9,0.7,2.2,4,216
175,"true","true","true","true","false","false","false","true","true","false","true","false","false","true",0.7,0.7,4.2,4,216
176,"true","true","true","true","false","false","true","true","false","true","false","false","true","true",1.0,0.7,1.0,5,216
177,"true","true","true","true","false","false","false","true","true","false","true","false","true","true",1.0,0.9,3.9,5,216
178,"true","true","true","true","false","false","false","true","true","true","false","false","true","true",0.9,0.7,1.0,4,216
179,"true","true","false","true","false","false","false","true","true","true","false","true","false","true",1.0,0.8,1.8,4,224
18,"true","true","true","true","false","false","true","true","false","false","false","false","false","true",0.9,0.9,4.8,5,216
180,"true","true","true","true","false","false","true","true","false","true","false","false","false","true",0.8,0.9,4.9,5,216
181,"true","true","true","true","false","false","false","true","true","true","false","false","false","true",0.7,0.7,1.4,4,216
182,"false","true","false","true","true","false","true","true","false","false","true","false","false","true",1.0,0.8,4.9,5,216
183,"true","true","true","true","false","false","false","true","true","false","false","false","false","true",1.0,0.7,1.8,4,216
184,"true","true","true","true","false","false","true","true","false","true","true","false","false","true",0.8,0.8,1.9,5,216
185,"true","true","true","true","false","false","false","true","true","false","false","false","false","true",0.9,0.7,2.9,4,216
186,"true","true","true","true","false","false","false","true","true","true","true","false","true","true",0.8,0.7,1.7,4,220
187,"true","true","false","true","true","false","true","true","false","false","true","true","true","true",0.7,0.7,1.1,5,228
188,"true","true","true","true","true","false","true","true","false","true","true","false","false","true",0.8,0.8,3.7,5,220
189,"true","true","false","true","false","false","false","true","true","true","true","true","false","true",0.8,0.9,1.2,4,224
19,"true","true","true","true","false","false","true","true","false","false","true","false","true","true",0.7,0.8,3.4,5,216
190,"true","true","false","true","true","false","true","true","false","true","true","true","false","true",0.7,0.9,0.6,5,224
191,"true","true","true","true","true","false","false","true","true","false","true","false","true","true",1.0,0.9,4.0,5,220
192,"true","true","false","true","false","false","true","true","false","false","true","true","false","true",1.0,0.8,2.5,5,224
193,"true","true","false","true","false","false","true","true","false","true","false","true","true","true",0.9,0.9,3.7,5,224
194,"true","true","false","true","false","false","false","true","true","false","true","true","true","true",0.8,0.7,4.5,4,224
195,"true","true","false","true","false","false","false","true","true","true","false","true","false","true",0.7,0.7,2.8,4,224
196,"true","true","true","true","false","false","true","true","false","false","true","false","true","true",0.9,0.9,0.1,5,216
197,"true","true","true","true","false","false","true","true","false","false","false","false","false","true",0.7,0.7,1.2,4,216
198,"true","true","false","true","false","false","true","true","false","false","true","true","false","true",0.9,0.7,3.9,5,224
199,"true","true","true","true","true","false","false","true","true","true","true","false","true","true",0.7,0.8,0.7,4,220
2,"true","true","true","true","true","false","true","true","false","true","true","false","false","true",1.0,0.9,3.0,5,220
20,"true","true","true","true","false","false","true","true","false","false","false","false","true","true",0.8,0.9,2.9,5,216
200,"true","true","false","true","false","false","false","true","true","false","false","true","true","true",0.9,0.7,0.6,4,224
201,"true","true","false","true","false","false","true","true","false","true","false","true","true","true",0.9,0.9,4.8,5,224
202,"true","true","false","true","false","false","true","true","false","true","true","true","true","true",0.7,0.8,0.2,5,224
203,"true","true","true","true","false","false","false","true","true","true","true","false","false","true",0.9,0.7,1.9,4,216
204,"true","true","false","true","false","false","true","true","false","true","true","true","false","true",0.9,0.8,4.9,5,224
205,"true","true","true","true","false","false","false","true","true","false","true","false","true","true",1.0,0.7,0.6,4,216
206,"true","true","true","true","false","false","false","true","true","false","false","false","true","true",0.9,0.7,2.5,4,216
207,"true","true","false","true","false","false","false","true","true","true","false","true","true","true",1.0,0.7,3.3,4,224
208,"false","true","false","true","false","false","false","true","true","false","false","false","true","true",0.8,0.7,2.4,4,216
209,"false","true","false","true","false","false","false","true","true","false","false","false","true","true",0.9,0.8,3.7,4,216
21,"true","true","true","true","false","false","false","true","true","false","false","false","true","true",1.0,0.8,3.5,4,216
210,"true","true","true","true","true","false","true","true","false","false","true","false","true","true",0.9,0.8,3.9,5,220
211,"true","true","false","true","true","false","false","true","true","true","true","true","true","true",0.7,0.8,0.8,4,228
212,"true","true","true","true","false","false","false","true","true","true","false","false","false","true",0.7,0.8,1.8,4,216
213,"true","true","true","true","false","false","true","true","false","true","false","false","false","true",1.0,0.9,2.2,5,216
214,"false","true","false","true","false","false","false","true","true","false","false","false","false","true",1.0,0.8,2.7,4,216
215,"false","true","false","true","true","false","true","true","false","false","true","false","false","true",0.9,0.8,3.4,5,216
216,"true","true","true","true","true","false","false","true","true","false","true","false","true","true",1.0,0.7,0.9,4,220
217,"false","true","false","true","false","false","false","true","true","false","false","false","false","true",0.9,0.9,4.8,4,216
218,"false","true","false","true","false","false","true","true","false","false","false","false","true","true",0.8,0.9,3.5,5,216
219,"true","true","true","true","false","false","false","true","true","true","true","false","false","true",0.8,0.8,4.4,4,216
22,"false","true","false","true","true","false","true","true","false","false","true","false","false","true",0.8,0.9,1.5,5,216
220,"true","true","true","true","false","false","true","true","false","true","true","false","true","true",0.8,0.7,0.6,5,216
221,"true","true","true","true","false","false","true","true","false","false","false","false","true","true",0.8,0.9,4.7,5,216
222,"true","true","false","true","false","false","false","true","true","false","false","true","true","true",1.0,0.7,2.3,4,224
223,"true","true","false","true","true","false","true","true","false","true","true","true","false","true",1.0,0.9,3.2,5,224
224,"true","true","false","true","false","false","false","true","true","true","false","true","true","true",1.0,0.7,2.7,4,224
225,"true","true","false","true","false","false","false","true","true","true","false","true","true","true",0.8,0.7,0.9,4,224
226,"true","true","true","true","false","false","false","true","true","true","false","false","false","true",0.8,0.9,3.1,4,216
227,"true","true","false","true","false","false","true","true","false","false","true","true","false","true",0.8,0.7,1.2,5,224
228,"false","true","false","true","false","false","false","true","true","false","true","false","false","true",0.8,0.9,3.9,4,216
229,"true","true","true","true","false","false","false","true","true","false","false","false","true","true",0.9,0.8,4.5,4,216
23,"true","true","true","true","false","false","true","true","false","true","false","false","false","true",1.0,0.7,3.5,5,220
230,"false","true","false","true","true","false","true","true","false","false","true","false","false","true",0.8,0.8,4.8,5,216
231,"true","true","false","true","false","false","false","true","true","false","true","true","true","true",0.8,0.9,1.7,5,224
232,"true","true","false","true","true","false","false","true","true","true","true","true","false","true",1.0,0.7,4.7,4,224
233,"true","true","true","true","false","false","true","true","false","false","false","false","true","true",0.9,0.8,1.2,5,216
234,"true","true","false","true","true","false","false","true","true","true","true","true","false","true",1.0,0.7,2.1,4,224
235,"true","true","false","true","false","false","true","true","false","false","true","true","true","true",0.8,0.7,2.9,5,224
236,"true","true","false","true","false","false","true","true","false","true","true","true","true","true",0.9,0.7,2.6,5,224
237,"true","true","true","true","true","false","true","true","false","true","true","false","false","true",0.9,0.7,3.8,4,216
238,"true","true","true","true","true","false","false","true","true","true","true","false","true","true",0.8,0.7,3.1,4,220
239,"true","true","true","true","false","false","true","true","false","false","false","false","true","true",0.8,0.9,4.7,5,216
24,"true","true","true","true","false","false","false","true","true","false","false","false","false","true",0.9,0.8,0.9,4,216
240,"true","true","false","true","true","false","true","true","false","false","true","true","false","true",0.9,0.9,5.0,5,224
241,"false","true","false","true","false","false","false","true","true","false","true","false","true","true",0.7,0.7,4.7,4,216
242,"false","true","false","true","false","false","true","true","false","false","true","false","true","true",0.9,0.9,3.9,5,216
243,"true","true","false","true","false","false","true","true","false","false","false","true","true","true",0.8,0.7,3.3,5,224
244,"true","true","true","true","false","false","true","true","false","true","false","false","true","true",0.9,0.9,1.9,5,216
245,"false","true","false","true","true","false","true","true","false","false","true","false","false","true",0.8,0.8,4.4,5,216
246,"false","true","false","true","true","false","false","true","true","false","true","false","true","true",0.7,0.7,1.7,4,220
247,"true","true","true","true","false","false","false","true","true","false","false","false","true","true",0.7,0.7,3.5,4,216
248,"true","true","false","true","true","false","true","true","false","true","true","true","true","true",0.9,0.8,1.3,5,228
249,"true","true","true","true","false","false","false","true","true","false","false","false","false","true",0.9,0.7,4.8,4,216
25,"true","true","true","true","true","false","true","true","false","true","true","false","false","true",0.8,0.8,2.8,5,220
250,"true","true","true","true","false","false","true","true","false","true","false","false","true","true",1.0,0.8,3.3,5,216
251,"false","true","false","true","false","false","true","true","false","false","false","false","false","true",0.8,0.7,0.3,4,216
252,"true","true","true","true","false","false","false","true","true","true","true","false","true","true",1.0,0.7,2.1,4,216
253,"true","true","false","true","true","false","false","true","true","true","true","true","false","true",0.9,0.7,2.7,4,224
254,"true","true","true","true","false","false","false","true","true","false","true","false","false","true",0.8,0.9,4.2,4,216
255,"true","true","false","true","false","false","false","true","true","true","false","true","false","true",0.9,0.8,2.1,4,224
256,"true","true","false","true","false","false","false","true","true","true","true","true","false","true",1.0,0.8,3.0,4,224
257,"true","true","false","true","false","false","false","true","true","true","false","true","false","true",0.9,0.9,1.2,4,224
258,"true","true","false","true","true","false","false","true","true","true","true","true","true","true",0.9,0.8,2.7,5,228
259,"true","true","true","true","false","false","true","true","false","false","false","false","false","true",0.8,0.7,3.5,4,216
26,"true","true","true","true","false","false","true","true","false","false","false","false","true","true",0.7,0.8,0.2,5,216
260,"true","true","true","true","false","false","false","true","true","false","false","false","false","true",1.0,0.8,1.9,4,216
261,"true","true","true","true","false","false","false","true","true","false","false","false","false","true",1.0,0.7,3.9,4,216
262,"true","true","true","true","true","false","false","true","true","false","true","false","true","true",0.7,0.7,3.1,4,220
263,"true","true","true","true","false","false","true","true","false","false","false","false","true","true",1.0,0.7,4.3,5,216
264,"true","true","true","true","false","false","true","true","false","true","false","false","true","true",0.9,0.9,1.8,5,216
265,"true","true","true","true","false","false","false","true","true","true","false","false","true","true",0.7,0.7,2.3,4,216
266,"false","true","false","true","false","false","false","true","true","false","false","false","false","true",0.7,0.9,4.9,4,216
267,"false","true","false","true","true","false","true","true","false","false","true","false","false","true",1.0,0.9,4.5,5,216
268,"true","true","false","true","false","false","false","true","true","true","false","true","true","true",0.8,0.8,1.0,4,224
269,"true","true","true","true","true","false","false","true","true","false","true","false","false","true",0.7,0.8,3.0,4,220
27,"true","true","true","true","false","false","false","true","true","false","false","false","true","true",0.8,0.8,3.2,4,216
270,"true","true","true","true","true","false","false","true","true","true","true","false","false","true",1.0,0.9,2.3,4,216
271,"true","true","false","true","true","false","true","true","false","false","true","true","false","true",0.7,0.9,0.2,5,224
272,"true","true","true","true","false","false","true","true","false","false","false","false","false","true",0.7,0.7,2.2,4,216
273,"true","true","true","true","true","false","true","true","false","false","true","false","true","true",0.7,0.8,3.1,5,220
274,"true","true","false","true","false","false","false","true","true","true","false","true","false","true",0.7,0.9,0.8,4,224
275,"true","true","false","true","true","false","false","true","true","false","true","true","true","true",0.7,0.8,3.0,4,224
276,"true","true","false","true","true","false","false","true","true","true","true","true","false","true",0.7,0.8,1.8,4,224
277,"true","true","true","true","false","false","true","true","false","false","false","false","false","true",0.8,0.8,2.1,5,216
278,"true","true","true","true","true","false","false","true","true","true","true","false","true","true",1.0,0.8,4.7,4,220
279,"true","true","false","true","false","false","false","true","true","true","false","true","false","true",0.7,0.7,3.2,4,224
28,"true","true","false","true","false","false","true","true","false","false","false","true","true","true",0.9,0.8,3.2,5,224
280,"true","true","true","true","false","false","false","true","true","false","true","false","true","true",0.7,0.7,2.5,4,216
281,"true","true","true","true","true","false","false","true","true","true","true","false","false","true",0.9,0.8,2.9,4,220
282,"true","true","false","true","false","false","false","true","true","true","false","true","false","true",0.8,0.7,2.7,4,224
283,"true","true","true","true","false","false","false","true","true","false","false","false","true","true",1.0,0.9,3.4,5,216
284,"true","true","false","true","false","false","true","true","false","true","false","true","true","true",0.7,0.8,4.4,5,224
285,"false","true","false","true","false","false","true","true","false","false","false","false","true","true",0.9,0.7,4.9,5,216
286,"true","true","false","true","false","false","false","true","true","true","false","true","false","true",0.9,0.7,1.3,4,224
287,"true","true","false","true","false","false","false","true","true","true","false","true","false","true",0.7,0.9,1.6,4,224
288,"true","true","false","true","false","false","true","true","false","false","false","true","true","true",0.8,0.9,2.7,5,224
289,"true","true","true","true","false","false","false","true","true","true","false","false","true","true",1.0,0.7,3.0,4,216
29,"true","true","true","true","true","false","true","true","false","false","true","false","false","true",0.9,0.8,0.5,5,220
290,"false","true","false","true","false","false","true","true","false","false","true","false","false","true",0.9,0.9,0.8,5,216
291,"true","true","true","true","true","false","true","true","false","false","true","false","false","true",0.9,0.8,2.4,5,220
292,"false","true","false","true","false","false","false","true","true","false","false","false","false","true",0.7,0.7,3.0,4,216
293,"true","true","true","true","false","false","false","true","true","true","true","false","false","true",1.0,0.7,4.2,4,216
294,"true","true","true","true","false","false","false","true","true","true","true","false","true","true",0.9,0.9,2.3,5,216
295,"true","true","true","true","true","false","true","true","false","false","true","false","false","true",0.7,0.7,4.1,4,220
296,"true","true","true","true","false","false","true","true","false","false","false","false","false","true",0.8,0.8,2.9,5,216
297,"true","true","true","true","false","false","false","true","true","false","true","false","true","true",0.7,0.7,1.6,4,216
298,"true","true","false","true","true","false","true","true","false","true","true","true","false","true",0.7,0.8,0.9,5,224
299,"true","true","true","true","true","false","true","true","false","true","true","false","false","true",0.8,0.8,4.1,5,220
3,"true","true","true","true","false","false","false","true","true","false","true","false","true","true",1.0,0.8,4.2,4,216
30,"true","true","true","true","false","false","false","true","true","true","false","false","true","true",0.9,0.7,3.2,4,216
300,"true","true","true","true","false","false","true","true","false","false","false","false","false","true",1.0,0.8,4.2,5,216
301,"true","true","true","true","true","false","false","true","true","false","true","false","false","true",0.9,0.8,1.7,4,216
302,"true","true","true","true","true","false","true","true","false","false","true","false","false","true",1.0,0.8,3.9,5,220
303,"true","true","true","true","false","false","false","true","true","false","false","false","true","true",1.0,0.8,0.3,4,216
304,"false","true","false","true","false","false","false","true","true","false","false","false","false","true",0.9,0.8,1.4,4,216
305,"true","true","true","true","true","false","false","true","true","false","true","false","false","true",0.8,0.9,0.8,4,216
306,"true","true","true","true","true","false","true","true","false","false","true","false","true","true",0.9,0.7,0.5,5,220
307,"false","true","false","true","false","false","false","true","true","false","false","false","false","true",1.0,0.9,3.8,4,216
308,"true","true","true","true","false","false","true","true","false","false","false","false","true","true",0.7,0.7,4.8,5,216
309,"true","true","true","true","true","false","false","true","true","true","true","false","false","true",0.7,0.7,0.5,4,216
31,"false","true","false","true","false","false","true","true","false","false","true","false","true","true",1.0,0.9,1.9,5,216
310,"false","true","false","true","false","false","true","true","false","false","true","false","true","true",0.9,0.9,0.4,5,216
311,"true","true","true","true","true","false","false","true","true","false","true","false","true","true",0.9,0.8,1.5,4,220
312,"true","true","true","true","false","false","true","true","false","true","true","false","false","true",0.7,0.8,3.3,5,216
313,"false","true","false","true","false","false","false","true","true","false","false","false","true","true",0.7,0.7,2.5,4,216
314,"false","true","false","true","true","false","false","true","true","false","true","false","false","true",1.0,0.7,4.5,4,216
315,"true","true","false","true","true","false","false","true","true","false","true","true","true","true",0.9,0.8,4.7,4,224
316,"true","true","true","true","true","false","false","true","true","false","true","false","true","true",0.7,0.8,0.5,4,220
317,"true","true","true","true","false","false","false","true","true","false","false","false","false","true",1.0,0.8,0.8,4,216
318,"false","true","false","true","false","false","false","true","true","false","true","false","false","true",1.0,0.9,1.5,4,216
319,"false","true","false","true","true","false","true","true","false","false","true","false","false","true",1.0,0.9,0.5,5,216
32,"true","true","false","true","false","false","false","true","true","true","false","true","false","true",0.8,0.8,2.7,4,224
320,"true","true","false","true","true","false","true","true","false","true","true","true","false","true",0.7,0.7,1.4,5,224
321,"false","true","false","true","true","false","false","true","true","false","true","false","true","true",1.0,0.8,2.6,4,216
322,"true","true","false","true","false","false","true","true","false","true","false","true","false","true",0.7,0.9,4.5,5,224
323,"true","true","true","true","true","false","true","true","false","false","true","false","true","true",1.0,0.7,0.5,5,220
324,"true","true","true","true","false","false","true","true","false","true","false","false","false","true",0.7,0.8,1.6,5,216
325,"true","true","true","true","true","false","false","true","true","true","true","false","true","true",0.7,0.9,4.9,4,220
326,"true","true","true","true","true","false","true","true","false","false","true","false","true","true",0.8,0.9,4.0,5,220
327,"true","true","true","true","false","false","false","true","true","true","true","false","false","true",0.9,0.9,2.8,4,216
328,"true","true","true","true","true","false","false","true","true","false","true","false","false","true",0.9,0.7,2.5,4,220
329,"true","true","true","true","false","false","false","true","true","false","false","false","false","true",1.0,0.9,2.8,4,216
33,"true","true","true","true","false","false","false","true","true","true","true","false","false","true",0.7,0.9,4.0,4,216
330,"true","true","true","true","false","false","true","true","false","false","false","false","true","true",0.8,0.7,1.7,5,216
331,"true","true","true","true","false","false","false","true","true","true","false","false","false","true",0.7,0.7,5.0,4,216
332,"true","true","false","true","false","false","false","true","true","true","false","true","false","true",0.8,0.9,5.0,4,224
333,"true","true","true","true","false","false","true","true","false","true","false","false","true","true",0.9,0.7,3.1,5,216
334,"true","true","false","true","false","false","true","true","false","false","true","true","false","true",0.8,0.8,1.1,5,224
335,"true","true","false","true","true","false","true","true","false","false","true","true","false","true",0.9,0.8,4.8,5,224
336,"true","true","true","true","false","false","false","true","true","false","false","false","true","true",0.9,0.9,4.3,4,216
337,"true","true","true","true","false","false","true","true","false","true","false","false","true","true",1.0,0.9,1.9,5,216
338,"true","true","false","true","false","false","false","true","true","true","false","true","false","true",1.0,0.7,1.4,4,224
339,"true","true","false","true","false","false","true","true","false","false","false","true","true","true",0.8,0.9,0.3,5,224
34,"true","true","true","true","true","false","true","true","false","true","true","false","false","true",0.9,0.7,5.0,4,216
340,"true","true","false","true","false","false","false","true","true","true","false","true","false","true",0.9,0.8,4.5,4,224
341,"true","true","false","true","false","false","true","true","false","false","true","true","false","true",0.8,0.8,0.4,5,224
342,"true","true","false","true","false","false","false","true","true","false","false","true","false","true",0.9,0.7,3.8,4,224
343,"true","true","false","true","false","false","true","true","false","true","false","true","true","true",1.0,0.7,1.6,5,224
344,"true","true","true","true","false","false","true","true","false","false","true","false","false","true",0.9,0.8,1.5,5,216
345,"false","true","false","true","false","false","false","true","true","false","true","false","true","true",0.8,0.8,4.8,4,216
346,"true","true","true","true","false","false","false","true","true","false","true","false","false","true",0.8,0.7,1.8,4,216
347,"true","true","false","true","false","false","true","true","false","true","false","true","false","true",1.0,0.9,2.9,5,224
348,"true","true","true","true","false","false","false","true","true","true","false","false","true","true",0.9,0.8,2.5,4,216
349,"true","true","false","true","false","false","true","true","false","true","false","true","false","true",1.0,0.9,0.5,5,224
35,"true","true","true","true","false","false","false","true","true","true","false","false","false","true",0.7,0.8,1.2,4,216
350,"true","true","true","true","false","false","false","true","true","false","true","false","true","true",0.9,0.8,1.4,4,216
351,"true","true","true","true","false","false","true","true","false","false","false","false","false","true",0.8,0.7,2.5,4,216
352,"true","true","true","true","false","false","true","true","false","true","true","false","true","true",0.8,0.8,4.3,5,216
353,"true","true","false","true","false","false","false","true","true","true","false","true","false","true",0.7,0.7,1.8,4,224
354,"true","true","false","true","false","false","false","true","true","false","false","true","false","true",1.0,0.8,3.4,4,224
355,"true","true","true","true","false","false","true","true","false","true","true","false","false","true",0.8,0.7,3.9,4,216
356,"true","true","false","true","false","false","false","true","true","true","false","true","false","true",1.0,0.8,2.9,4,224
357,"true","true","true","true","false","false","true","true","false","true","false","false","true","true",0.8,0.9,4.7,5,216
358,"true","true","true","true","false","false","false","true","true","true","true","false","true","true",0.8,0.8,1.6,4,216
359,"true","true","false","true","false","false","false","true","true","true","false","true","false","true",1.0,0.7,1.8,4,224
36,"true","true","true","true","false","false","true","true","false","true","true","false","true","true",0.8,0.7,4.9,5,216
360,"true","true","true","true","false","false","true","true","false","false","false","false","false","true",0.7,0.7,1.3,4,216
361,"true","true","true","true","false","false","false","true","true","false","false","false","true","true",1.0,0.9,0.3,5,216
362,"true","true","false","true","false","false","false","true","true","true","true","true","true","true",1.0,0.9,3.7,5,224
363,"true","true","false","true","false","false","true","true","false","false","false","true","false","true",0.7,0.9,1.6,5,224
364,"true","true","true","true","false","false","false","true","true","false","true","false","false","true",1.0,0.7,3.1,4,216
365,"true","true","true","true","false","false","true","true","false","true","false","false","false","true",1.0,0.8,0.1,5,216
366,"true","true","false","true","false","false","false","true","true","true","false","true","false","true",0.7,0.7,4.1,4,224
367,"true","true","false","true","false","false","false","true","true","false","false","true","false","true",0.9,0.7,4.7,4,224
368,"true","true","false","true","true","false","false","true","true","false","true","true","true","true",0.9,0.8,3.3,4,224
369,"true","true","false","true","false","false","true","true","false","true","false","true","true","true",0.9,0.8,4.4,5,224
37,"true","true","true","true","false","false","false","true","true","true","true","false","true","true",1.0,0.8,1.7,5,216
370,"true","true","true","true","true","false","true","true","false","true","true","false","true","true",0.7,0.9,1.5,5,220
371,"true","true","true","true","false","false","true","true","false","false","false","false","false","true",1.0,0.7,3.7,5,216
372,"true","true","false","true","false","false","false","true","true","false","false","true","false","true",1.0,0.7,4.1,4,224
373,"true","true","false","true","false","false","true","true","false","true","true","true","true","true",0.8,0.7,4.2,5,224
374,"true","true","false","true","true","false","false","true","true","false","true","true","false","true",0.9,0.7,1.6,4,224
375,"true","true","true","true","false","false","false","true","true","false","false","false","false","true",0.9,0.9,2.2,4,220
376,"true","true","true","true","false","false","true","true","false","false","false","false","true","true",0.8,0.8,0.8,5,216
377,"true","true","true","true","false","false","false","true","true","true","false","false","false","true",0.7,0.9,2.4,4,216
378,"true","true","true","true","false","false","true","true","false","false","false","false","true","true",0.7,0.9,3.8,5,216
379,"true","true","true","true","false","false","false","true","true","true","false","false","true","true",0.7,0.7,4.7,4,216
38,"true","true","false","true","false","false","true","true","false","true","false","true","true","true",0.8,0.8,3.8,5,224
380,"true","true","true","true","false","false","true","true","false","true","true","false","true","true",1.0,0.7,3.7,5,216
381,"true","true","true","true","false","false","false","true","true","true","false","false","true","true",0.9,0.8,2.3,4,216
382,"true","true","true","true","true","false","true","true","false","false","true","false","true","true",0.9,0.9,3.0,5,220
383,"true","true","true","true","true","false","false","true","true","false","true","false","false","true",0.9,0.8,4.9,4,216
384,"true","true","true","true","false","false","false","true","true","false","false","false","true","true",0.7,0.9,3.7,4,216
385,"true","true","false","true","true","false","false","true","true","false","true","true","false","true",0.8,0.7,0.3,4,224
386,"true","true","true","true","false","false","true","true","false","false","false","false","true","true",0.9,0.9,0.6,5,216
387,"true","true","true","true","false","false","false","true","true","false","false","false","false","true",0.9,0.7,4.3,4,216
388,"true","true","true","true","true","false","true","true","false","true","true","false","true","true",1.0,0.9,2.8,5,220
389,"true","true","true","true","false","false","true","true","false","false","true","false","false","true",0.8,0.9,3.5,5,216
39,"true","true","false","true","false","false","true","true","false","true","false","true","false","true",1.0,0.7,3.2,5,224
390,"true","true","false","true","false","false","false","true","true","true","true","true","true","true",0.9,0.7,3.4,4,224
391,"true","true","true","true","false","false","true","true","false","true","true","false","false","true",1.0,0.7,1.9,5,216
392,"true","true","true","true","true","false","true","true","false","true","true","false","false","true",0.7,0.9,3.9,5,220
393,"true","true","false","true","false","false","false","true","true","true","false","true","false","true",1.0,0.7,1.5,4,224
394,"true","true","true","true","false","false","true","true","false","false","true","false","true","true",1.0,0.9,3.7,5,216
395,"true","true","true","true","true","false","false","true","true","true","true","false","false","true",1.0,0.9,4.3,4,216
396,"true","true","true","true","true","false","false","true","true","false","true","false","true","true",0.9,0.9,0.4,4,220
397,"true","true","false","true","false","false","true","true","false","true","false","true","false","true",0.7,0.8,2.8,5,224
398,"false","true","false","true","false","false","false","true","true","false","false","false","true","true",0.8,0.8,3.1,4,216
399,"true","true","false","true","false","false","false","true","true","true","false","true","true","true",0.9,0.8,2.2,5,224
4,"true","true","false","true","false","false","false","true","true","true","false","true","false","true",0.8,0.9,1.0,4,224
40,"true","true","false","true","false","false","false","true","true","true","true","true","false","true",0.7,0.7,4.8,4,224
400,"true","true","true","true","false","false","true","true","false","false","false","false","false","true",1.0,0.9,2.3,5,216
401,"true","true","false","true","true","false","true","true","false","true","true","true","false","true",1.0,0.8,0.1,5,224
402,"true","true","true","true","false","false","false","true","true","false","false","false","true","true",0.7,0.9,1.1,4,216
403,"true","true","true","true","false","false","true","true","false","false","true","false","true","true",0.9,0.7,2.5,5,216
404,"false","true","false","true","false","false","true","true","false","false","true","false","true","true",0.7,0.8,4.6,5,216
405,"true","true","false","true","false","false","false","true","true","true","false","true","false","true",0.8,0.7,3.6,4,224
406,"true","true","true","true","false","false","true","true","false","false","false","false","false","true",0.8,0.9,0.1,5,216
407,"true","true","false","true","false","false","true","true","false","true","false","true","false","true",1.0,0.8,1.8,5,224
408,"true","true","false","true","true","false","true","true","false","true","true","true","false","true",0.9,0.7,4.1,5,224
409,"true","true","false","true","false","false","false","true","true","true","false","true","false","true",0.7,0.7,3.5,4,224
41,"true","true","true","true","true","false","true","true","false","false","true","false","true","true",0.9,0.7,2.1,5,220
410,"true","true","true","true","false","false","false","true","true","false","false","false","true","true",0.7,0.8,2.3,4,216
411,"true","true","false","true","false","false","true","true","false","false","false","true","false","true",0.8,0.8,1.8,5,224
412,"true","true","false","true","true","false","true","true","false","true","true","true","true","true",0.9,0.9,0.1,5,228
413,"true","true","true","true","false","false","false","true","true","false","false","false","true","true",0.8,0.7,1.9,4,216
414,"false","true","false","true","false","false","false","true","true","false","false","false","true","true",0.8,0.9,0.3,4,216
415,"true","true","false","true","false","false","false","true","true","true","false","true","true","true",1.0,0.9,1.0,5,224
416,"false","true","false","true","false","false","false","true","true","false","false","false","false","true",1.0,0.9,3.3,4,216
417,"true","true","false","true","false","false","true","true","false","true","true","true","true","true",0.9,0.9,4.9,5,224
418,"false","true","false","true","false","false","true","true","false","false","true","false","false","true",0.9,0.8,1.8,5,216
419,"false","true","false","true","false","false","true","true","false","false","false","false","false","true",1.0,0.8,2.1,5,216
42,"true","true","false","true","false","false","false","true","true","false","true","true","true","true",0.9,0.8,0.6,5,224
420,"true","true","true","true","false","false","false","true","true","true","false","false","true","true",0.7,0.8,1.3,4,216
421,"true","true","false","true","false","false","true","true","false","true","true","true","true","true",1.0,0.7,4.2,5,224
422,"false","true","false","true","false","false","true","true","false","false","true","false","true","true",0.8,0.9,4.9,5,216
423,"true","true","true","true","true","false","false","true","true","true","true","false","true","true",0.9,0.8,0.8,4,220
424,"true","true","true","true","false","false","true","true","false","false","true","false","true","true",1.0,0.9,4.0,5,216
425,"true","true","true","true","true","false","true","true","false","false","true","false","false","true",0.9,0.7,0.2,4,220
426,"true","true","false","true","false","false","false","true","true","true","true","true","false","true",0.7,0.7,4.6,4,224
427,"true","true","false","true","false","false","false","true","true","true","false","true","false","true",0.8,0.9,2.2,4,224
428,"true","true","false","true","false","false","false","true","true","true","true","true","false","true",0.9,0.7,2.4,4,224
429,"true","true","true","true","false","false","true","true","false","false","false","false","false","true",0.9,0.7,2.1,4,216
43,"true","true","true","true","true","false","true","true","false","true","true","false","true","true",1.0,0.7,4.9,5,220
430,"true","true","true","true","true","false","false","true","true","true","true","false","false","true",0.8,0.7,5.0,4,220
431,"true","true","false","true","false","false","true","true","false","true","true","true","false","true",0.9,0.8,3.5,5,224
432,"true","true","true","true","true","false","true","true","false","true","true","false","false","true",0.8,0.9,4.2,5,220
433,"true","true","false","true","false","false","false","true","true","true","false","true","false","true",1.0,0.7,1.1,4,224
434,"true","true","false","true","true","false","false","true","true","true","true","true","false","true",0.8,0.7,4.7,4,224
435,"true","true","true","true","true","false","true","true","false","true","true","false","false","true",0.7,0.7,3.5,4,216
436,"true","true","false","true","false","false","true","true","false","true","true","true","true","true",1.0,0.9,3.7,5,224
437,"true","true","true","true","false","false","true","true","false","true","true","false","false","true",1.0,0.8,1.7,5,216
438,"true","true","false","true","false","false","false","true","true","true","true","true","false","true",1.0,0.8,3.5,4,224
439,"true","true","false","true","false","false","true","true","false","false","false","true","true","true",1.0,0.7,0.9,5,224
44,"true","true","true","true","true","false","false","true","true","true","true","false","false","true",1.0,0.7,4.1,4,216
440,"true","true","true","true","false","false","true","true","false","true","false","false","false","true",1.0,0.9,2.7,5,216
441,"true","true","true","true","false","false","true","true","false","true","true","false","false","true",0.9,0.8,4.3,5,216
442,"true","true","true","true","false","false","false","true","true","true","true","false","true","true",0.8,0.8,2.5,4,216
443,"true","true","false","true","false","false","true","true","false","true","false","true","true","true",0.9,0.9,2.1,5,224
444,"true","true","true","true","false","false","false","true","true","false","true","false","false","true",0.8,0.7,0.2,4,216
445,"true","true","true","true","false","false","false","true","true","false","false","false","false","true",1.0,0.7,2.1,4,216
446,"true","true","true","true","false","false","false","true","true","true","false","false","true","true",0.7,0.7,0.9,4,216
447,"true","true","true","true","false","false","true","true","false","false","false","false","true","true",0.7,0.9,3.3,5,216
448,"true","true","true","true","false","false","true","true","false","true","false","false","false","true",1.0,0.7,0.4,5,216
449,"true","true","true","true","false","false","false","true","true","false","false","false","true","true",0.8,0.8,0.7,4,216
45,"true","true","true","true","false","false","true","true","false","true","false","false","false","true",0.7,0.8,2.9,5,216
450,"true","true","false","true","false","false","true","true","false","true","false","true","true","true",0.7,0.7,4.1,5,228
451,"true","true","true","true","false","false","true","true","false","true","true","false","true","true",0.8,0.7,4.6,5,216
452,"true","true","true","true","false","false","false","true","true","false","false","false","true","true",1.0,0.8,1.1,4,216
453,"true","true","true","true","true","false","false","true","true","true","true","false","true","true",0.8,0.7,3.2,4,220
454,"true","true","true","true","false","false","false","true","true","true","false","false","true","true",0.9,0.7,0.9,4,216
455,"true","true","true","true","true","false","false","true","true","false","true","false","true","true",0.7,0.9,3.2,4,220
456,"true","true","true","true","true","false","false","true","true","false","true","false","true","true",0.8,0.8,1.7,4,220
457,"true","true","false","true","false","false","false","true","true","false","false","true","true","true",0.8,0.7,4.5,4,224
458,"true","true","true","true","true","false","false","true","true","false","true","false","true","true",0.8,0.8,4.4,4,220
459,"true","true","false","true","false","false","false","true","true","false","false","true","true","true",0.9,0.9,1.8,5,224
46,"false","true","false","true","false","false","true","true","false","false","false","false","true","true",0.8,0.8,4.7,5,216
460,"true","true","true","true","false","false","true","true","false","false","false","false","false","true",1.0,0.8,1.1,5,216
461,"true","true","false","true","false","false","true","true","false","false","false","true","false","true",0.7,0.8,4.7,5,224
462,"true","true","true","true","false","false","false","true","true","false","false","false","true","true",0.8,0.7,2.2,4,216
463,"false","true","false","true","false","false","false","true","true","false","false","false","false","true",0.8,0.7,0.0,4,216
464,"true","true","false","true","true","false","false","true","true","true","true","true","true","true",0.7,0.7,3.0,4,224
465,"true","true","true","true","false","false","true","true","false","true","false","false","false","true",0.8,0.9,1.1,5,216
466,"true","true","false","true","false","false","false","true","true","true","false","true","false","true",1.0,0.8,2.2,4,224
467,"true","true","false","true","false","false","false","true","true","true","false","true","true","true",0.7,0.7,3.3,4,224
468,"true","true","true","true","false","false","false","true","true","false","false","false","false","true",1.0,0.8,2.2,4,216
469,"true","true","true","true","false","false","false","true","true","true","false","false","true","true",0.7,0.7,0.8,4,216
47,"false","true","false","true","false","false","false","true","true","false","true","false","true","true",0.7,0.9,3.7,4,216
470,"true","true","true","true","false","false","false","true","true","true","true","false","true","true",1.0,0.9,0.1,5,216
471,"true","true","false","true","true","false","false","true","true","true","true","true","true","true",0.9,0.7,3.6,4,224
472,"false","true","false","true","true","false","true","true","false","false","true","false","false","true",1.0,0.8,1.9,5,220
473,"true","true","true","true","false","false","true","true","false","true","false","false","true","true",1.0,0.8,0.4,5,216
474,"true","true","true","true","true","false","true","true","false","false","true","false","false","true",0.7,0.9,1.0,5,224
475,"true","true","true","true","false","false","true","true","false","false","true","false","false","true",0.7,0.7,2.4,4,216
476,"true","true","true","true","true","false","false","true","true","false","true","false","false","true",0.8,0.7,2.2,4,216
477,"false","true","false","true","false","false","true","true","false","false","false","false","true","true",0.7,0.8,0.5,5,216
478,"true","true","true","true","false","false","true","true","false","true","false","false","true","true",0.7,0.7,4.2,5,216
479,"true","true","true","true","true","false","true","true","false","true","true","false","true","true",0.7,0.9,4.0,5,220
48,"true","true","true","true","false","false","true","true","false","true","true","false","true","true",0.7,0.9,4.3,5,220
480,"true","true","true","true","false","false","true","true","false","false","true","false","true","true",0.8,0.8,4.1,5,216
481,"true","true","false","true","false","false","false","true","true","true","false","true","true","true",0.7,0.7,3.4,4,224
482,"true","true","true","true","false","false","false","true","true","false","false","false","true","true",0.8,0.8,1.9,4,216
483,"true","true","false","true","false","false","false","true","true","true","false","true","true","true",0.9,0.8,2.7,5,224
484,"false","true","false","true","false","false","false","true","true","false","false","false","false","true",0.7,0.7,1.7,4,216
485,"true","true","false","true","false","false","false","true","true","true","false","true","false","true",0.9,0.9,0.6,4,224
486,"true","true","true","true","false","false","true","true","false","true","false","false","false","true",0.9,0.9,4.2,5,216
487,"true","true","true","true","true","false","false","true","true","false","true","false","true","true",0.8,0.9,0.0,4,220
488,"true","true","false","true","false","false","true","true","false","true","false","true","true","true",0.8,0.9,2.1,5,224
489,"false","true","false","true","false","false","true","true","false","false","true","false","true","true",0.7,0.9,4.1,5,220
49,"true","true","false","true","true","false","false","true","true","true","true","true","false","true",1.0,0.7,5.0,4,224
490,"true","true","true","true","false","false","false","true","true","true","true","false","true","true",1.0,0.7,0.2,4,216
491,"true","true","false","true","false","false","true","true","false","false","false","true","true","true",1.0,0.9,1.0,5,224
492,"true","true","false","true","false","false","false","true","true","true","true","true","false","true",0.8,0.9,2.2,4,224
493,"false","true","false","true","false","false","false","true","true","false","false","false","false","true",0.7,0.7,0.3,4,216
494,"true","true","true","true","true","false","false","true","true","false","true","false","true","true",0.8,0.7,2.8,4,220
495,"false","true","false","true","false","false","false","true","true","false","true","false","false","true",1.0,0.7,3.3,4,216
496,"true","true","false","true","false","false","false","true","true","true","true","true","false","true",0.7,0.9,0.7,4,224
497,"false","true","false","true","false","false","false","true","true","false","false","false","true","true",1.0,0.7,4.8,4,216
498,"true","true","true","true","false","false","true","true","false","false","true","false","false","true",0.9,0.8,3.7,5,220
499,"true","true","true","true","false","false","true","true","false","false","true","false","false","true",0.7,0.7,2.3,4,216
5,"true","true","false","true","false","false","true","true","false","true","true","true","true","true",1.0,0.9,3.6,5,224
50,"true","true","false","true","false","false","false","true","true","true","false","true","true","true",1.0,0.7,2.2,4,224
500,"true","true","true","true","true","false","false","true","true","true","true","false","true","true",1.0,0.8,0.0,5,220
501,"true","true","true","true","false","false","false","true","true","true","false","false","false","true",0.7,0.7,2.5,4,216
51,"true","true","false","true","false","false","false","true","true","true","false","true","true","true",0.9,0.7,1.6,4,224
52,"true","true","false","true","true","false","true","true","false","true","true","true","false","true",0.8,0.8,0.8,5,228
53,"true","true","true","true","true","false","false","true","true","true","true","false","false","true",0.7,0.7,2.8,4,216
54,"true","true","true","true","true","false","false","true","true","true","true","false","true","true",0.9,0.8,2.7,4,220
55,"true","true","true","true","false","false","false","true","true","true","true","false","false","true",0.9,0.9,3.4,4,216
56,"true","true","true","true","true","false","false","true","true","false","true","false","true","true",0.9,0.8,3.9,4,220
57,"true","true","true","true","false","false","true","true","false","false","false","false","false","true",0.9,0.8,1.3,5,216
58,"false","true","false","true","false","false","false","true","true","false","false","false","false","true",0.7,0.7,1.6,4,216
59,"false","true","false","true","false","false","true","true","false","false","false","false","false","true",0.9,0.7,2.1,4,216
6,"true","true","true","true","false","false","false","true","true","true","true","false","false","true",0.9,0.7,0.0,4,216
60,"false","true","false","true","true","false","false","true","true","false","true","false","true","true",0.9,0.9,1.1,4,216
61,"true","true","false","true","true","false","true","true","false","false","true","true","true","true",1.0,0.9,3.9,5,228
62,"true","true","true","true","true","false","true","true","false","false","true","false","true","true",0.8,0.8,1.1,5,220
63,"true","true","false","true","false","false","false","true","true","false","false","true","false","true",1.0,0.8,3.1,4,224
64,"true","true","true","true","true","false","true","true","false","true","true","false","true","true",0.8,0.8,1.6,5,220
65,"true","true","true","true","true","false","false","true","true","true","true","false","true","true",0.7,0.8,2.5,4,220
66,"true","true","false","true","true","false","false","true","true","true","true","true","false","true",0.9,0.9,0.1,4,224
67,"false","true","false","true","true","false","false","true","true","false","true","false","false","true",1.0,0.7,0.8,4,216
68,"true","true","false","true","true","false","true","true","false","false","true","true","false","true",0.8,0.7,2.8,5,224
69,"true","true","true","true","false","false","false","true","true","true","false","false","false","true",1.0,0.8,0.6,4,216
7,"true","true","true","true","false","false","false","true","true","false","false","false","false","true",0.8,0.9,5.0,4,216
70,"true","true","true","true","false","false","false","true","true","false","false","false","false","true",0.9,0.9,1.6,4,216
71,"true","true","false","true","false","false","true","true","false","true","false","true","false","true",0.8,0.9,3.7,5,224
72,"true","true","true","true","false","false","true","true","false","true","true","false","true","true",0.9,0.9,4.3,5,220
73,"true","true","false","true","true","false","true","true","false","false","true","true","false","true",1.0,0.7,3.1,5,224
74,"true","true","true","true","false","false","false","true","true","false","false","false","true","true",0.8,0.7,3.0,4,216
75,"true","true","false","true","false","false","false","true","true","false","false","true","false","true",0.8,0.9,4.7,4,224
76,"true","true","true","true","false","false","true","true","false","true","false","false","true","true",0.7,0.8,3.4,5,216
77,"true","true","true","true","true","false","true","true","false","true","true","false","true","true",0.9,0.7,3.7,5,220
78,"true","true","true","true","false","false","false","true","true","true","false","false","false","true",1.0,0.8,4.2,4,216
79,"true","true","false","true","false","false","true","true","false","true","true","true","true","true",0.9,0.8,2.1,5,228
8,"false","true","false","true","false","false","false","true","true","false","false","false","false","true",1.0,0.7,4.0,4,216
80,"false","true","false","true","false","false","false","true","true","false","false","false","false","true",1.0,0.9,3.3,4,216
81,"true","true","false","true","false","false","true","true","false","true","true","true","true","true",0.9,0.9,2.7,5,224
82,"true","true","true","true","false","false","true","true","false","false","false","false","true","true",0.8,0.8,3.5,5,216
83,"true","true","true","true","false","false","true","true","false","true","false","false","false","true",1.0,0.9,3.2,5,216
84,"true","true","false","true","true","false","true","true","false","true","true","true","false","true",0.9,0.9,1.9,5,228
